{
  "norm_stats": {
    "state": {
      "mean": [
        -0.04776982218027115,
        0.03873452544212341,
        0.7704711556434631,
        2.973249673843384,
        -0.22475898265838623,
        -0.11998476833105087,
        0.026860374957323074,
        -0.027107378467917442
      ],
      "std": [
        0.10506454110145569,
        0.15375538170337677,
        0.3769655227661133,
        0.3446892201900482,
        0.9008006453514099,
        0.326705664396286,
        0.014252576977014542,
        0.01414793636649847
      ],
      "q01": [
        -0.3958760437965393,
        -0.2695658093452454,
        0.03751394003629684,
        1.5048285840451716,
        -2.7228581033706662,
        -1.07737894821167,
        0.0016436203124467284,
        -0.04003468521800824
      ],
      "q99": [
        0.13404574048519136,
        0.3486014111518859,
        1.267834051977843,
        3.2753780473962424,
        2.403208324623108,
        0.5978307470083237,
        0.040297543014609256,
        -0.0017097211267799103
      ]
    },
    "actions": {
      "mean": [
        0.10329496115446091,
        0.053328245878219604,
        -0.8586217761039734,
        -2.9737939834594727,
        0.2300173044204712,
        0.1139974296092987,
        -0.0389685295522213
      ],
      "std": [
        0.3718784749507904,
        2.04000186920166,
        0.6234793066978455,
        0.35138070583343506,
        0.9035571813583374,
        0.3469548523426056,
        0.9991063475608826
      ],
      "q01": [
        -0.718211752986908,
        -0.8693489396572114,
        -2.0695113716721534,
        -3.3067592533111565,
        -2.4121919813156127,
        -0.6147236180305482,
        -1.0002845071315765
      ],
      "q99": [
        1.0787455285072327,
        0.803976080417633,
        0.7962602497935292,
        -1.490623384225369,
        2.72640720500946,
        1.1328044326782223,
        0.9992046397209169
      ]
    }
  }
}