{
  "norm_stats": {
    "state": {
      "mean": [
        -0.047240011394023895,
        0.037431396543979645,
        0.768656849861145,
        2.971780776977539,
        -0.22588825225830078,
        -0.12199951708316803,
        0.026848547160625458,
        -0.02709822542965412
      ],
      "std": [
        0.10499981790781021,
        0.15317606925964355,
        0.37738630175590515,
        0.3504580557346344,
        0.90458083152771,
        0.33083027601242065,
        0.0142418397590518,
        0.014136611483991146
      ],
      "q01": [
        -0.3965760725736618,
        -0.2694163247108459,
        0.037193190811201926,
        1.501850778579711,
        -2.727392157125473,
        -1.0786417372226715,
        0.0016351081074913966,
        -0.04003468521800824
      ],
      "q99": [
        0.13418574624061586,
        0.3439927290558815,
        1.268150289176032,
        3.276831126022339,
        2.404538960695267,
        0.5967817430496218,
        0.040297543014609256,
        -0.0016926079479046147
      ]
    },
    "actions": {
      "mean": [
        0.10206097364425659,
        0.055150192230939865,
        -0.8561796545982361,
        -2.9722228050231934,
        0.23118150234222412,
        0.116329126060009,
        -0.041796475648880005
      ],
      "std": [
        0.37107032537460327,
        2.046034574508667,
        0.6228207349777222,
        0.3534333407878876,
        0.9067209362983704,
        0.35029083490371704,
        0.9990150928497314
      ],
      "q01": [
        -0.7186876420974732,
        -0.8693489396572114,
        -2.06887453353405,
        -3.3047777637481683,
        -2.4142074403762814,
        -0.6171396384239198,
        -1.0007025479316711
      ],
      "q99": [
        1.0787455285072327,
        0.803976080417633,
        0.7968970879316326,
        -1.4917828346252442,
        2.7284449319839474,
        1.1343172232627872,
        0.9987865989208222
      ]
    }
  }
}