{
  "norm_stats": {
    "state": {
      "mean": [
        -0.04860738664865494,
        0.04145021736621857,
        0.7743892669677734,
        2.9726462364196777,
        -0.23063157498836517,
        -0.11702768504619598,
        0.026809459552168846,
        -0.0270443856716156
      ],
      "std": [
        0.10589267313480377,
        0.15498089790344238,
        0.37598615884780884,
        0.3502185046672821,
        0.8995696306228638,
        0.33374643325805664,
        0.014309845864772797,
        0.01421179436147213
      ],
      "q01": [
        -0.39981618322432044,
        -0.2694623341560364,
        0.03746647159382701,
        1.4968103810071947,
        -2.7247698224067687,
        -1.0889628603458408,
        0.0015925470827147367,
        -0.04003468521800824
      ],
      "q99": [
        0.13353570990264418,
        0.3491809573173523,
        1.267610469808057,
        3.277919097614289,
        2.3971350381851195,
        0.6060275945663447,
        0.04030605521956459,
        -0.0016412684112787207
      ]
    },
    "actions": {
      "mean": [
        0.10364071279764175,
        0.04991157725453377,
        -0.8614544868469238,
        -2.9732797145843506,
        0.23581954836845398,
        0.11124872416257858,
        -0.03835410252213478
      ],
      "std": [
        0.37165436148643494,
        2.026021957397461,
        0.62200927734375,
        0.3500823378562927,
        0.9037836790084839,
        0.3558011054992676,
        0.999008059501648
      ],
      "q01": [
        -0.7167840856552123,
        -0.8693229386806488,
        -2.0695113716721534,
        -3.3052242488265033,
        -2.4118878396987915,
        -0.6223853775978085,
        -1.001315884065628
      ],
      "q99": [
        1.0777937502861024,
        0.8041320862770078,
        0.7943497353792188,
        -1.488426824748517,
        2.724255846023558,
        1.1338776956558227,
        0.9985175580739973
      ]
    }
  }
}